[{"model": "auth.user", "fields": {"password": "pbkdf2_sha256$1200000$YROwlg7vhkzkk1RXi0OXrX$nsbp1jkaIb0kcroFQlTF0KbjNuoML17TMyQjmDqRfrk=", "last_login": "2026-04-20T01:23:52.975Z", "is_superuser": true, "username": "santi", "first_name": "", "last_name": "", "email": "santiago.persab@gmail.com", "is_staff": true, "is_active": true, "date_joined": "2026-03-20T23:18:46.152Z", "groups": [], "user_permissions": []}}, {"model": "auth.user", "fields": {"password": "pbkdf2_sha256$1200000$RNYAeOG8O4Dbk4ZJLaJ8ki$zZmUpaGIPgcCmPH2DP9rw8g3vpOUu35gkBY9pL7D1m0=", "last_login": null, "is_superuser": false, "username": "elicebot", "first_name": "Elice", "last_name": "Bot", "email": "", "is_staff": false, "is_active": true, "date_joined": "2026-03-20T23:23:15.641Z", "groups": [], "user_permissions": []}}, {"model": "auth.user", "fields": {"password": "pbkdf2_sha256$1200000$Yd8UvFPdgDlTKZGFSDhPs8$TW8hI4p8/YDl5aGO0Y684p3CalsihhZcz9TQhIDnsro=", "last_login": null, "is_superuser": false, "username": "fenster", "first_name": "Fenster", "last_name": "", "email": "", "is_staff": false, "is_active": true, "date_joined": "2026-03-22T21:42:32Z", "groups": [], "user_permissions": []}}, {"model": "auth.user", "fields": {"password": "pbkdf2_sha256$1200000$zB8EE0vmxvLVUEbNc1CgOI$hRFl/tEGQBJ4jRkUfLl1xjmObCWCPV+nsXl0GBKccnA=", "last_login": null, "is_superuser": false, "username": "recal", "first_name": "Recal", "last_name": "", "email": "", "is_staff": false, "is_active": true, "date_joined": "2026-03-22T21:52:57Z", "groups": [], "user_permissions": []}}, {"model": "auth.user", "fields": {"password": "pbkdf2_sha256$1200000$6Yzsl7SEhMHrwJ4QYNJL3N$+lZgaayzFhiEOd0R18/ALuVgOR1zL0wDtHuw88qFxh0=", "last_login": null, "is_superuser": false, "username": "quality_colors", "first_name": "", "last_name": "", "email": "", "is_staff": false, "is_active": true, "date_joined": "2026-03-22T21:54:34Z", "groups": [], "user_permissions": []}}, {"model": "sessions.session", "pk": "eu4bxtpsdmivrgei039azordl0fo6964", "fields": {"session_data": ".eJxVjDsOwyAQBe9CHSEwX6dM7zOgXViCkwgkY1dR7h5bcpG0b2bemwXY1hK2TkuYE7syyS6_G0J8Uj1AekC9Nx5bXZcZ-aHwk3Y-tUSv2-n-HRToZa9NlAqdH4xUhCgSuKxHQ8o4pDGLJNyAVqAHGy2RdcobBxEiaqH3IrPPF-XbOFs:1wEdMe:4w9sypZJHKRnwRWLnM7TqHy8KocfXUnujOFolmF12-o", "expire_date": "2026-05-04T01:23:52.988Z"}}, {"model": "home.conversation", "pk": 1, "fields": {"created_at": "2026-03-20T23:25:14.462Z", "updated_at": "2026-03-20T23:25:14.462Z", "is_active": true, "participants": [["santi"], ["elicebot"]]}}, {"model": "home.conversation", "pk": 2, "fields": {"created_at": "2026-03-26T01:24:02.269Z", "updated_at": "2026-03-26T01:24:02.269Z", "is_active": true, "participants": [["santi"], ["quality_colors"]]}}, {"model": "home.conversation", "pk": 3, "fields": {"created_at": "2026-03-26T01:26:27.302Z", "updated_at": "2026-03-26T01:26:27.302Z", "is_active": true, "participants": [["santi"], ["recal"]]}}, {"model": "home.message", "pk": 1, "fields": {"conversation": 1, "sender": ["santi"], "content": "Hola Amigo!", "file": "", "file_name": "", "timestamp": "2026-03-20T23:25:22.876Z", "is_read": false}}, {"model": "home.message", "pk": 2, "fields": {"conversation": 1, "sender": ["elicebot"], "content": "┬íHola santi! ­ƒÿè Puedo ayudarte a conectar con proveedores de materiales.\n\n┬┐Qu├® material necesitas?\nÔÇó Acero \nÔÇó Pintura \nÔÇó Cemento \nÔÇó Aluminio \nÔÇó Vidrio ", "file": "", "file_name": "", "timestamp": "2026-03-20T23:25:22.889Z", "is_read": false}}, {"model": "home.message", "pk": 3, "fields": {"conversation": 1, "sender": ["santi"], "content": "No se, que puedes hacer?", "file": "", "file_name": "", "timestamp": "2026-03-20T23:25:31.273Z", "is_read": false}}, {"model": "home.message", "pk": 4, "fields": {"conversation": 1, "sender": ["elicebot"], "content": "No entend├¡ tu mensaje ­ƒÿà. Puedes escribirme el nombre del material:\nacero, pintura, cemento, aluminio o vidrio.", "file": "", "file_name": "", "timestamp": "2026-03-20T23:25:31.309Z", "is_read": false}}, {"model": "home.message", "pk": 5, "fields": {"conversation": 1, "sender": ["santi"], "content": "Pintura", "file": "", "file_name": "", "timestamp": "2026-03-20T23:26:02.133Z", "is_read": false}}, {"model": "home.message", "pk": 6, "fields": {"conversation": 1, "sender": ["elicebot"], "content": "No hay proveedores de pintura disponibles por el momento.", "file": "", "file_name": "", "timestamp": "2026-03-20T23:26:02.158Z", "is_read": false}}, {"model": "home.message", "pk": 7, "fields": {"conversation": 1, "sender": ["santi"], "content": "Hola amigo", "file": "", "file_name": "", "timestamp": "2026-03-21T04:10:46.413Z", "is_read": false}}, {"model": "home.message", "pk": 8, "fields": {"conversation": 1, "sender": ["elicebot"], "content": "┬íHola santi! ­ƒÿè Puedo ayudarte a conectar con proveedores de materiales.\n\n┬┐Qu├® material necesitas?\nÔÇó Acero \nÔÇó Pintura \nÔÇó Cemento \nÔÇó Aluminio \nÔÇó Vidrio ", "file": "", "file_name": "", "timestamp": "2026-03-21T04:10:46.437Z", "is_read": false}}, {"model": "home.message", "pk": 9, "fields": {"conversation": 1, "sender": ["santi"], "content": "pinturas", "file": "", "file_name": "", "timestamp": "2026-03-25T23:11:04.139Z", "is_read": false}}, {"model": "home.message", "pk": 10, "fields": {"conversation": 1, "sender": ["elicebot"], "content": "No hay proveedores de pintura disponibles por el momento.", "file": "", "file_name": "", "timestamp": "2026-03-25T23:11:04.156Z", "is_read": false}}, {"model": "home.message", "pk": 11, "fields": {"conversation": 1, "sender": ["santi"], "content": "pintura", "file": "", "file_name": "", "timestamp": "2026-03-25T23:11:07.379Z", "is_read": false}}, {"model": "home.message", "pk": 12, "fields": {"conversation": 1, "sender": ["elicebot"], "content": "No hay proveedores de pintura disponibles por el momento.", "file": "", "file_name": "", "timestamp": "2026-03-25T23:11:07.394Z", "is_read": false}}, {"model": "home.message", "pk": 13, "fields": {"conversation": 1, "sender": ["santi"], "content": "pintura", "file": "", "file_name": "", "timestamp": "2026-03-25T23:12:01.635Z", "is_read": false}}, {"model": "home.message", "pk": 14, "fields": {"conversation": 1, "sender": ["elicebot"], "content": "No hay proveedores de pintura disponibles por el momento.", "file": "", "file_name": "", "timestamp": "2026-03-25T23:12:01.679Z", "is_read": false}}, {"model": "home.message", "pk": 15, "fields": {"conversation": 1, "sender": ["santi"], "content": "pintura", "file": "", "file_name": "", "timestamp": "2026-03-25T23:12:07.729Z", "is_read": false}}, {"model": "home.message", "pk": 16, "fields": {"conversation": 1, "sender": ["elicebot"], "content": "No hay proveedores de pintura disponibles por el momento.", "file": "", "file_name": "", "timestamp": "2026-03-25T23:12:07.865Z", "is_read": false}}, {"model": "home.message", "pk": 17, "fields": {"conversation": 1, "sender": ["santi"], "content": "Pinturas, Recubrimientos y Herramientas Profesionales", "file": "", "file_name": "", "timestamp": "2026-03-26T01:17:58.482Z", "is_read": false}}, {"model": "home.message", "pk": 18, "fields": {"conversation": 1, "sender": ["elicebot"], "content": "No hay proveedores de pintura disponibles por el momento.", "file": "", "file_name": "", "timestamp": "2026-03-26T01:17:58.511Z", "is_read": false}}, {"model": "home.message", "pk": 19, "fields": {"conversation": 1, "sender": ["santi"], "content": "hola", "file": "", "file_name": "", "timestamp": "2026-03-26T01:19:52.988Z", "is_read": false}}, {"model": "home.message", "pk": 20, "fields": {"conversation": 1, "sender": ["elicebot"], "content": "┬íHola santi! ­ƒÿè Puedo ayudarte a conectar con proveedores de materiales.\n\n┬┐Qu├® material necesitas?\nÔÇó Acero \nÔÇó Pintura \nÔÇó Cemento \nÔÇó Aluminio \nÔÇó Vidrio ", "file": "", "file_name": "", "timestamp": "2026-03-26T01:19:53.263Z", "is_read": false}}, {"model": "home.message", "pk": 21, "fields": {"conversation": 1, "sender": ["santi"], "content": "pintura", "file": "", "file_name": "", "timestamp": "2026-03-26T01:21:41.805Z", "is_read": false}}, {"model": "home.message", "pk": 22, "fields": {"conversation": 1, "sender": ["elicebot"], "content": "No hay proveedores de pintura disponibles por el momento.", "file": "", "file_name": "", "timestamp": "2026-03-26T01:21:41.833Z", "is_read": false}}, {"model": "home.message", "pk": 23, "fields": {"conversation": 1, "sender": ["santi"], "content": "pintura", "file": "", "file_name": "", "timestamp": "2026-03-26T01:24:02.242Z", "is_read": false}}, {"model": "home.message", "pk": 24, "fields": {"conversation": 2, "sender": ["quality_colors"], "content": "Hola ­ƒæï Somos tu proveedor de pintura.\n\nPuedes usar los botones en la parte superior para:\n\nÔÇó ­ƒôä Ver o descargar nuestro cat├ílogo de productos\nÔÇó ­ƒôï Solicitar una cotizaci├│n personalizada\nÔÇó ­ƒÆ¼ Conectar directamente con nosotros por WhatsApp\n\n┬íEstamos listos para atenderte!", "file": "", "file_name": "", "timestamp": "2026-03-26T01:24:02.295Z", "is_read": false}}, {"model": "home.message", "pk": 25, "fields": {"conversation": 1, "sender": ["elicebot"], "content": "Ô£à Te he conectado con 1 proveedor(es) de pintura. ­ƒÄ¿", "file": "", "file_name": "", "timestamp": "2026-03-26T01:24:02.301Z", "is_read": false}}, {"model": "home.message", "pk": 26, "fields": {"conversation": 2, "sender": ["santi"], "content": "Hola!", "file": "", "file_name": "", "timestamp": "2026-03-26T01:24:11.803Z", "is_read": false}}, {"model": "home.message", "pk": 27, "fields": {"conversation": 1, "sender": ["santi"], "content": "que onda", "file": "", "file_name": "", "timestamp": "2026-03-26T01:26:22.159Z", "is_read": false}}, {"model": "home.message", "pk": 28, "fields": {"conversation": 1, "sender": ["elicebot"], "content": "No entend├¡ tu mensaje ­ƒÿà. Puedes escribirme el nombre del material:\nacero, pintura, cemento, aluminio o vidrio.", "file": "", "file_name": "", "timestamp": "2026-03-26T01:26:22.184Z", "is_read": false}}, {"model": "home.message", "pk": 29, "fields": {"conversation": 1, "sender": ["santi"], "content": "acero", "file": "", "file_name": "", "timestamp": "2026-03-26T01:26:27.274Z", "is_read": false}}, {"model": "home.message", "pk": 30, "fields": {"conversation": 3, "sender": ["recal"], "content": "Hola ­ƒæï Somos tu proveedor de acero.\n\nPuedes usar los botones en la parte superior para:\n\nÔÇó ­ƒôä Ver o descargar nuestro cat├ílogo de productos\nÔÇó ­ƒôï Solicitar una cotizaci├│n personalizada\nÔÇó ­ƒÆ¼ Conectar directamente con nosotros por WhatsApp\n\n┬íEstamos listos para atenderte!", "file": "", "file_name": "", "timestamp": "2026-03-26T01:26:27.319Z", "is_read": false}}, {"model": "home.message", "pk": 31, "fields": {"conversation": 1, "sender": ["elicebot"], "content": "Ô£à Te he conectado con 1 proveedor(es) de acero. ­ƒö®", "file": "", "file_name": "", "timestamp": "2026-03-26T01:26:27.330Z", "is_read": false}}, {"model": "home.message", "pk": 32, "fields": {"conversation": 1, "sender": ["santi"], "content": "hola", "file": "", "file_name": "", "timestamp": "2026-04-02T03:32:04.233Z", "is_read": false}}, {"model": "home.message", "pk": 33, "fields": {"conversation": 1, "sender": ["elicebot"], "content": "┬íHola santi! ­ƒÿè Puedo ayudarte a conectar con proveedores de materiales.\n\n┬┐Qu├® material necesitas?\nÔÇó Acero \nÔÇó Pintura \nÔÇó Cemento \nÔÇó Aluminio \nÔÇó Vidrio ", "file": "", "file_name": "", "timestamp": "2026-04-02T03:32:04.252Z", "is_read": false}}, {"model": "home.message", "pk": 34, "fields": {"conversation": 1, "sender": ["santi"], "content": "Pintura", "file": "", "file_name": "", "timestamp": "2026-04-02T04:14:38.042Z", "is_read": false}}, {"model": "home.message", "pk": 35, "fields": {"conversation": 2, "sender": ["quality_colors"], "content": "Hola ­ƒæï Somos tu proveedor de pintura.\n\nPuedes usar los botones en la parte superior para:\n\nÔÇó ­ƒôä Ver o descargar nuestro cat├ílogo de productos\nÔÇó ­ƒôï Solicitar una cotizaci├│n personalizada\nÔÇó ­ƒÆ¼ Conectar directamente con nosotros por WhatsApp\n\n┬íEstamos listos para atenderte!", "file": "", "file_name": "", "timestamp": "2026-04-02T04:14:38.115Z", "is_read": false}}, {"model": "home.message", "pk": 36, "fields": {"conversation": 1, "sender": ["elicebot"], "content": "Ô£à Te he conectado con 1 proveedor(es) de pintura. ­ƒÄ¿", "file": "", "file_name": "", "timestamp": "2026-04-02T04:14:38.133Z", "is_read": false}}, {"model": "home.message", "pk": 37, "fields": {"conversation": 1, "sender": ["santi"], "content": "hola", "file": "", "file_name": "", "timestamp": "2026-04-02T04:15:40.829Z", "is_read": false}}, {"model": "home.message", "pk": 38, "fields": {"conversation": 1, "sender": ["elicebot"], "content": "┬íHola santi! ­ƒÿè Puedo ayudarte a conectar con proveedores de materiales.\n\n┬┐Qu├® material necesitas?\nÔÇó Acero \nÔÇó Pintura \nÔÇó Cemento \nÔÇó Aluminio \nÔÇó Vidrio ", "file": "", "file_name": "", "timestamp": "2026-04-02T04:15:42.694Z", "is_read": false}}, {"model": "home.message", "pk": 39, "fields": {"conversation": 1, "sender": ["santi"], "content": "no se amigo", "file": "", "file_name": "", "timestamp": "2026-04-02T04:15:53.133Z", "is_read": false}}, {"model": "home.message", "pk": 40, "fields": {"conversation": 1, "sender": ["elicebot"], "content": "No entend├¡ tu mensaje ­ƒÿà. Puedes escribirme el nombre del material:\nacero, pintura, cemento, aluminio o vidrio.", "file": "", "file_name": "", "timestamp": "2026-04-02T04:15:53.212Z", "is_read": false}}, {"model": "home.message", "pk": 41, "fields": {"conversation": 1, "sender": ["santi"], "content": "Pintura", "file": "", "file_name": "", "timestamp": "2026-04-02T21:01:36.860Z", "is_read": false}}, {"model": "home.message", "pk": 42, "fields": {"conversation": 2, "sender": ["quality_colors"], "content": "Hola ­ƒæï Somos tu proveedor de pintura.\n\nPuedes usar los botones en la parte superior para:\n\nÔÇó ­ƒôä Ver o descargar nuestro cat├ílogo de productos\nÔÇó ­ƒôï Solicitar una cotizaci├│n personalizada\nÔÇó ­ƒÆ¼ Conectar directamente con nosotros por WhatsApp\n\n┬íEstamos listos para atenderte!", "file": "", "file_name": "", "timestamp": "2026-04-02T21:01:36.900Z", "is_read": false}}, {"model": "home.message", "pk": 43, "fields": {"conversation": 1, "sender": ["elicebot"], "content": "Ô£à Te he conectado con 1 proveedor(es) de pintura. ­ƒÄ¿", "file": "", "file_name": "", "timestamp": "2026-04-02T21:01:36.916Z", "is_read": false}}, {"model": "home.message", "pk": 44, "fields": {"conversation": 2, "sender": ["santi"], "content": "­ƒôï SOLICITUD DE COTIZACI├ôN\nÔöüÔöüÔöüÔöüÔöüÔöüÔöüÔöüÔöüÔöüÔöüÔöüÔöüÔöüÔöüÔöüÔöüÔöüÔöü\nProducto: Impermeabilizante Antigoteras I-5\nCantidad: 3\nTotal estimado: $10362\nNotas: Ninguna\nÔöüÔöüÔöüÔöüÔöüÔöüÔöüÔöüÔöüÔöüÔöüÔöüÔöüÔöüÔöüÔöüÔöüÔöüÔöü", "file": "", "file_name": "", "timestamp": "2026-04-02T21:07:58.772Z", "is_read": false}}, {"model": "home.message", "pk": 45, "fields": {"conversation": 2, "sender": ["santi"], "content": "VIvo en mi casa etc", "file": "", "file_name": "", "timestamp": "2026-04-02T21:08:23.605Z", "is_read": false}}, {"model": "home.message", "pk": 46, "fields": {"conversation": 1, "sender": ["santi"], "content": "Acero", "file": "", "file_name": "", "timestamp": "2026-04-07T20:14:40.189Z", "is_read": false}}, {"model": "home.message", "pk": 47, "fields": {"conversation": 3, "sender": ["recal"], "content": "Hola ­ƒæï Somos tu proveedor de acero.\n\nPuedes usar los botones en la parte superior para:\n\nÔÇó ­ƒôä Ver o descargar nuestro cat├ílogo de productos\nÔÇó ­ƒôï Solicitar una cotizaci├│n personalizada\nÔÇó ­ƒÆ¼ Conectar directamente con nosotros por WhatsApp\n\n┬íEstamos listos para atenderte!", "file": "", "file_name": "", "timestamp": "2026-04-07T20:14:40.267Z", "is_read": false}}, {"model": "home.message", "pk": 48, "fields": {"conversation": 1, "sender": ["elicebot"], "content": "Ô£à Te he conectado con 1 proveedor(es) de acero. ­ƒö®", "file": "", "file_name": "", "timestamp": "2026-04-07T20:14:40.300Z", "is_read": false}}, {"model": "home.message", "pk": 49, "fields": {"conversation": 3, "sender": ["santi"], "content": "cuanto cuesta esto", "file": "", "file_name": "", "timestamp": "2026-04-07T20:15:00.860Z", "is_read": false}}, {"model": "home.message", "pk": 50, "fields": {"conversation": 2, "sender": ["santi"], "content": "­ƒôï SOLICITUD DE COTIZACI├ôN\nÔöüÔöüÔöüÔöüÔöüÔöüÔöüÔöüÔöüÔöüÔöüÔöüÔöüÔöüÔöüÔöüÔöüÔöüÔöü\nProducto: Jotatemp 250\nCantidad: 1\nTotal estimado: $9444\nNotas: Ninguna\nÔöüÔöüÔöüÔöüÔöüÔöüÔöüÔöüÔöüÔöüÔöüÔöüÔöüÔöüÔöüÔöüÔöüÔöüÔöü", "file": "", "file_name": "", "timestamp": "2026-04-07T20:21:14.853Z", "is_read": false}}, {"model": "home.category", "pk": 1, "fields": {"name": "Sistemas Arquitect├│nicos en Vidrio y Aluminio", "slug": "vidrio-y-aluminio", "parent": null, "description": "Soluciones en vidrio y aluminio para construcci├│n, instalaci├│n y proyectos arquitect├│nicos.", "icon": "", "image": "categories/CRISTALES-Y-ALUMINIOS-e1731036680761.jpg", "order": 0, "is_active": true, "created_at": "2026-03-21T00:34:46.325Z", "updated_at": "2026-03-21T00:58:00.995Z"}}, {"model": "home.category", "pk": 2, "fields": {"name": "Pinturas, Recubrimientos y Herramientas Profesionales", "slug": "pinturas-y-recubrimientos", "parent": null, "description": "Productos para pintar, proteger superficies y realizar trabajos profesionales.", "icon": "", "image": "categories/top-view-on-paint-can.jpg", "order": 0, "is_active": true, "created_at": "2026-03-21T00:40:29.902Z", "updated_at": "2026-03-21T00:58:47.512Z"}}, {"model": "home.category", "pk": 3, "fields": {"name": "Productos de Acero y Perfiles Estructurales", "slug": "acero-y-perfiles", "parent": null, "description": "Acero y perfiles para construcci├│n, estructuras y refuerzo de proyectos.", "icon": "", "image": "categories/barras-de-distintos-tipos-de-acero-en-almacen-destacada.webp", "order": 0, "is_active": true, "created_at": "2026-03-21T00:54:14.196Z", "updated_at": "2026-03-21T00:58:14.839Z"}}, {"model": "home.category", "pk": 4, "fields": {"name": "Pinturas Arquitect├│nicas", "slug": "pinturas-arquitectonicas", "parent": 2, "description": "Pinturas para interiores y exteriores que brindan color, protecci├│n y buen acabado en todo tipo de espacios.", "icon": "", "image": "", "order": 0, "is_active": true, "created_at": "2026-03-22T22:26:08.512Z", "updated_at": "2026-03-25T22:21:59.585Z"}}, {"model": "home.category", "pk": 5, "fields": {"name": "Recubrimientos Especializados e Industriales", "slug": "recubrimientos-especializados-e-industriales", "parent": 2, "description": "Recubrimientos dise├▒ados para uso industrial y profesional, con alta resistencia y desempe├▒o t├®cnico.", "icon": "", "image": "", "order": 0, "is_active": true, "created_at": "2026-03-25T22:22:20.971Z", "updated_at": "2026-03-25T22:22:20.971Z"}}, {"model": "home.category", "pk": 6, "fields": {"name": "Impermeabilizaci├│n y Protecci├│n", "slug": "impermeabilizacion-y-proteccion", "parent": 2, "description": "Productos para prevenir filtraciones y proteger superficies contra humedad, agua y condiciones clim├íticas.", "icon": "", "image": "", "order": 0, "is_active": true, "created_at": "2026-03-25T22:22:41.030Z", "updated_at": "2026-03-25T22:22:41.030Z"}}, {"model": "home.category", "pk": 7, "fields": {"name": "Tratamiento y Protecci├│n de Superficies", "slug": "tratamiento-y-proteccion-de-superficies", "parent": 2, "description": "Soluciones para preparar, sellar y proteger superficies, mejorando su durabilidad y acabado final.", "icon": "", "image": "", "order": 0, "is_active": true, "created_at": "2026-03-25T22:23:00.229Z", "updated_at": "2026-03-25T22:23:00.230Z"}}, {"model": "home.category", "pk": 8, "fields": {"name": "Herramientas y Accesorios de Aplicaci├│n", "slug": "herramientas-y-accesorios-de-aplicacion", "parent": 2, "description": "Herramientas y accesorios necesarios para una correcta aplicaci├│n de pinturas y recubrimientos.", "icon": "", "image": "", "order": 0, "is_active": true, "created_at": "2026-03-25T22:23:15.502Z", "updated_at": "2026-03-25T22:23:15.502Z"}}, {"model": "home.category", "pk": 9, "fields": {"name": "Aceros", "slug": "aceros", "parent": 3, "description": "Productos de acero utilizados en construcci├│n, estructuras y proyectos industriales.", "icon": "", "image": "categories/aceros_recal_GhxWsf4.jpeg", "order": 0, "is_active": true, "created_at": "2026-03-26T00:25:37.231Z", "updated_at": "2026-03-26T01:11:22.277Z"}}, {"model": "home.category", "pk": 10, "fields": {"name": "L├¡nea arquitect├│nica", "slug": "linea-arquitectonica", "parent": 5, "description": "Recubrimientos para acabados decorativos y protecci├│n en aplicaciones residenciales y comerciales.", "icon": "", "image": "", "order": 0, "is_active": true, "created_at": "2026-04-02T00:47:55.809Z", "updated_at": "2026-04-02T00:47:55.809Z"}}, {"model": "home.category", "pk": 11, "fields": {"name": "L├¡nea industrial pesada", "slug": "linea-industrial-pesada", "parent": 5, "description": "Recubrimientos de alto desempe├▒o para protecci├│n en ambientes industriales severos y aplicaciones especializadas.", "icon": "", "image": "", "order": 0, "is_active": true, "created_at": "2026-04-02T00:48:17.817Z", "updated_at": "2026-04-02T00:48:17.817Z"}}, {"model": "home.category", "pk": 12, "fields": {"name": "Imprimaciones y fondos", "slug": "imprimaciones-y-fondos", "parent": 7, "description": "Recubrimientos base que aseguran protecci├│n inicial, anclaje y correcto desempe├▒o de las capas finales.", "icon": "", "image": "", "order": 0, "is_active": true, "created_at": "2026-04-02T01:18:59.072Z", "updated_at": "2026-04-02T01:19:23.629Z"}}, {"model": "home.category", "pk": 13, "fields": {"name": "Protecci├│n y acabados especiales", "slug": "proteccion-y-acabados-especiales", "parent": 7, "description": "Productos decorativos y protectores para efectos especiales, mantenimiento y protecci├│n espec├¡fica de materiales.", "icon": "", "image": "", "order": 0, "is_active": true, "created_at": "2026-04-02T01:19:53.081Z", "updated_at": "2026-04-02T01:19:53.081Z"}}, {"model": "home.brand", "pk": 1, "fields": {"name": "Titanlux", "slug": "titanlux", "logo": "brands/logoTitanlux.png", "website": "", "description": "Titanlux es la marca insignia de Industrias Titan y hoy forma parte de AkzoNobel, uno\r\nde los grupos de pinturas y recubrimientos m├ís importantes del mundo. Con m├ís de\r\n110 a├▒os de experiencia, Titanlux se ha consolidado como la pintura l├¡der en Espa├▒a\r\ngracias a sus est├índares de calidad, innovaci├│n constante y desempe├▒o comprobado.", "is_active": true, "created_at": "2026-03-25T22:33:33.019Z"}}, {"model": "home.brand", "pk": 2, "fields": {"name": "Isaval", "slug": "isaval", "logo": "brands/isaval.png", "website": "", "description": "Isaval es una empresa espa├▒ola con m├ís de 50 a├▒os de trayectoria, reconocida por su\r\ninnovaci├│n en pinturas, recubrimientos y sistemas de impermeabilizaci├│n y aislamiento.\r\nSu enfoque en la investigaci├│n y el desarrollo le ha permitido crear soluciones de alto\r\ndesempe├▒o dise├▒adas especialmente para el profesional moderno.", "is_active": true, "created_at": "2026-03-25T22:34:29.897Z"}}, {"model": "home.brand", "pk": 3, "fields": {"name": "Jotun", "slug": "jotun", "logo": "brands/jotun.jpg", "website": "", "description": "Jotun es una de las compa├▒├¡as de pinturas y recubrimientos m├ís importantes del\r\nmundo, con presencia global en m├ís de 100 pa├¡ses y m├ís de 100 a├▒os de historia.\r\nReconocida por su liderazgo en recubrimientos industriales, marinos y arquitect├│nicos,\r\nJotun se distingue por su tecnolog├¡a avanzada, durabilidad y desempe├▒o superior en\r\ncondiciones extremas", "is_active": true, "created_at": "2026-03-25T22:35:28.754Z"}}, {"model": "home.brand", "pk": 4, "fields": {"name": "Caparol", "slug": "caparol", "logo": "brands/Caparol.webp", "website": "", "description": "Caparol es una de las marcas de pintura y recubrimientos m├ís prestigiosas de Europa,\r\nperteneciente al grupo alem├ín DAW, l├¡der global con m├ís de 125 a├▒os de experiencia\r\nen el desarrollo de soluciones para la construcci├│n. Reconocida por su innovaci├│n\r\ntecnol├│gica, sostenibilidad y calidad superior, Caparol se ha posicionado como referente\r\nen pinturas arquitect├│nicas, termoaislantes, sistemas para fachadas, impermeabilizaci├│n\r\ny recubrimientos de alto desempe├▒o", "is_active": true, "created_at": "2026-03-25T22:47:38.815Z"}}, {"model": "home.brand", "pk": 5, "fields": {"name": "Pentrilo", "slug": "pentrilo", "logo": "brands/Logo-pentrilo.webp", "website": "", "description": "Pentrilo es una marca espa├▒ola l├¡der en la fabricaci├│n de herramientas para aplicaci├│n\r\nde pintura, reconocida por su innovaci├│n, ergonom├¡a y durabilidad. Con m├ís de 60 a├▒os\r\nde trayectoria, Pentrilo se ha consolidado como un referente para pintores profesionales\r\nen Europa gracias a la calidad superior de sus rodillos, brochas, cubetas, extensiones y\r\nsistemas especializados", "is_active": true, "created_at": "2026-03-25T22:48:24.995Z"}}, {"model": "home.userprofile", "pk": 1, "fields": {"user": ["santi"], "role": "client", "company": "", "phone": "", "avatar_color": "#fbbf24", "whatsapp_number": "", "catalog_pdf": ""}}, {"model": "home.userprofile", "pk": 2, "fields": {"user": ["elicebot"], "role": "supplier", "company": "Asistente Elice", "phone": "", "avatar_color": "#9ca3af", "whatsapp_number": "", "catalog_pdf": ""}}, {"model": "home.userprofile", "pk": 3, "fields": {"user": ["fenster"], "role": "supplier", "company": "Fenster", "phone": "", "avatar_color": "#fbbf24", "whatsapp_number": "", "catalog_pdf": "catalogs/CV_Fenster_V3_Jl3O6f3.pdf"}}, {"model": "home.userprofile", "pk": 4, "fields": {"user": ["recal"], "role": "supplier", "company": "Recal", "phone": "", "avatar_color": "#fbbf24", "whatsapp_number": "", "catalog_pdf": "catalogs/CATALOGO_PRODUCTOS_2024-1_acodn1Q.pdf"}}, {"model": "home.userprofile", "pk": 5, "fields": {"user": ["quality_colors"], "role": "supplier", "company": "Quality Colors", "phone": "", "avatar_color": "#fbbf24", "whatsapp_number": "", "catalog_pdf": "catalogs/QUALITY_COLORS_2026_EewDqPp.pdf"}}, {"model": "home.supplier", "pk": 1, "fields": {"user": ["fenster"], "contact_name": "Fenster", "contact_email": "", "contact_phone": "", "website": "https://www.fenster.com.mx/", "country": "Mexico", "city": "Guadalajara", "address": "", "description": "Es una empresa mexicana con sede en Guadalajara, Jalisco, especializada en la fabricaci├│n, manejo e instalaci├│n de ventanales, ventanas, canceles de ba├▒o, domos, espejos y pergolados. Cuenta con amplia experiencia en soluciones con perfiles de aluminio, vidrio y cristal templado, as├¡ como en la ejecuci├│n de obras residenciales, verticales, industriales, comerciales e institucionales.", "logo": "", "is_active": true, "is_verified": false, "created_at": "2026-03-22T22:06:47.819Z", "updated_at": "2026-03-22T22:07:14.640Z", "categories": [1], "brands": []}}, {"model": "home.supplier", "pk": 2, "fields": {"user": ["recal"], "contact_name": "Recal", "contact_email": "", "contact_phone": "", "website": "https://recalglobal.com/", "country": "Mexico, USA", "city": "El Salto, Ciudad de Mexico y Pleasanton", "address": "", "description": "Recal es una empresa mexicana de acero, especializada en estructuras industriales y verticales, reconocida por su innovaci├│n y excelencia.", "logo": "", "is_active": true, "is_verified": false, "created_at": "2026-03-22T22:12:05.890Z", "updated_at": "2026-03-22T22:12:05.890Z", "categories": [3], "brands": []}}, {"model": "home.supplier", "pk": 3, "fields": {"user": ["quality_colors"], "contact_name": "Quality Colors", "contact_email": "", "contact_phone": "", "website": "", "country": "Mexico", "city": "Guadalajara", "address": "", "description": "Quality Colors es una empresa mexicana especializada en pintura de alta calidad, representando marcas europeas y ofreciendo soluciones t├®cnicas e innovadoras para proyectos industriales, arquitect├│nicos y residenciales.", "logo": "", "is_active": true, "is_verified": false, "created_at": "2026-03-22T22:13:29.084Z", "updated_at": "2026-03-25T23:11:49.330Z", "categories": [2], "brands": [4, 2, 3, 5, 1]}}, {"model": "home.specificationtemplate", "pk": 1, "fields": {"category": 2, "name": "Especificaciones de Pinturas Arquitect├│nicas", "created_at": "2026-03-25T23:03:43.888Z", "updated_at": "2026-03-25T23:15:56.167Z"}}, {"model": "home.specificationfield", "pk": 1, "fields": {"template": 1, "name": "Cantidad", "key": "cantidad", "field_type": "number", "unit": "L", "choices": "", "is_required": false, "is_filterable": false, "order": 0}}, {"model": "home.specificationfield", "pk": 2, "fields": {"template": 1, "name": "Rendimiento", "key": "rendimiento", "field_type": "text", "unit": "", "choices": "", "is_required": false, "is_filterable": false, "order": 0}}, {"model": "home.specificationfield", "pk": 3, "fields": {"template": 1, "name": "Acabado", "key": "acabado", "field_type": "text", "unit": "", "choices": "Mate, Satinado, Brillante", "is_required": false, "is_filterable": false, "order": 0}}, {"model": "home.specificationfield", "pk": 4, "fields": {"template": 1, "name": "Color", "key": "color", "field_type": "text", "unit": "", "choices": "Blanco, Beige, Gris, Negro", "is_required": false, "is_filterable": false, "order": 0}}, {"model": "home.specificationfield", "pk": 5, "fields": {"template": 1, "name": "Caracter├¡sticas", "key": "caracteristicas", "field_type": "text", "unit": "", "choices": "", "is_required": false, "is_filterable": false, "order": 0}}, {"model": "home.specificationfield", "pk": 6, "fields": {"template": 1, "name": "Certificados", "key": "certificados", "field_type": "text", "unit": "", "choices": "", "is_required": false, "is_filterable": false, "order": 0}}, {"model": "home.product", "pk": 1, "fields": {"category": 4, "name": "Pintura Acr├¡lica Premium P-40", "slug": "pintura-acrilica-premium-p-40", "description": "", "base_price": "318.00", "unit": "Litro", "main_image": "products/images/Captura_de_pantalla_2026-04-01_200234.png", "technical_sheet": "products/docs/P40_Titanpro_Pintura-premium-fachadas_Acrilica-estirenica_Ficha-tecnica_OfaV7hB.pdf", "is_active": true, "featured": false, "created_at": "2026-03-25T23:09:38.599Z", "updated_at": "2026-04-02T00:17:23.474Z", "suppliers": [3], "brands": [1]}}, {"model": "home.product", "pk": 2, "fields": {"category": 9, "name": "Varilla corrugada", "slug": "varilla-corrugada", "description": "", "base_price": null, "unit": "unidad", "main_image": "products/images/aceros_recal.jpeg", "technical_sheet": "products/docs/ficha_varillacorrugada.jpeg", "is_active": true, "featured": false, "created_at": "2026-03-26T00:50:56.934Z", "updated_at": "2026-03-26T00:50:56.934Z", "suppliers": [2], "brands": []}}, {"model": "home.product", "pk": 3, "fields": {"category": 9, "name": "Viga IPS", "slug": "viga-ips", "description": "", "base_price": null, "unit": "unidad", "main_image": "products/images/vigaIPS_recal.jpeg", "technical_sheet": "products/docs/vigaIPSrecal.jpeg", "is_active": true, "featured": false, "created_at": "2026-03-26T01:04:35.163Z", "updated_at": "2026-03-26T01:04:35.163Z", "suppliers": [2], "brands": []}}, {"model": "home.product", "pk": 4, "fields": {"category": 4, "name": "Pintura Acr├¡lica Interior P-10", "slug": "pintura-acrilica-interior-p-10", "description": "", "base_price": "611.00", "unit": "Litro", "main_image": "products/images/Captura_de_pantalla_2026-04-01_200815.png", "technical_sheet": "products/docs/P10_Titanpro_Pintura-paredes-y-techos_Acrilica-estirenica_Ficha-tecnicaV2.pdf", "is_active": true, "featured": false, "created_at": "2026-04-02T00:10:14.686Z", "updated_at": "2026-04-02T00:15:52.530Z", "suppliers": [3], "brands": [1]}}, {"model": "home.product", "pk": 5, "fields": {"category": 4, "name": "Pintura Vin├¡lica Premium P-60 TITANPRO", "slug": "pintura-vinilica-premium-p-60-titanpro", "description": "", "base_price": "3384.00", "unit": "Litro", "main_image": "products/images/Captura_de_pantalla_2026-04-01_202415.png", "technical_sheet": "products/docs/P60_Titanpro_Paredes-y-techos_Vinilica-extra-premium_Ficha-tecnica.pdf", "is_active": true, "featured": false, "created_at": "2026-04-02T00:25:34.108Z", "updated_at": "2026-04-02T00:25:34.108Z", "suppliers": [3], "brands": [1]}}, {"model": "home.product", "pk": 6, "fields": {"category": 4, "name": "Pintura Acr├¡lica Superlavable P-75", "slug": "pintura-acrilica-superlavable-p-75", "description": "", "base_price": "762.00", "unit": "Litro", "main_image": "products/images/Captura_de_pantalla_2026-04-01_202743.png", "technical_sheet": "products/docs/P75_Titanpro_Paredes-y-techos_Pintura-acrilica-superlavable_Ficha-tecnica.pdf", "is_active": true, "featured": false, "created_at": "2026-04-02T00:28:04.816Z", "updated_at": "2026-04-02T00:28:04.816Z", "suppliers": [3], "brands": [1]}}, {"model": "home.product", "pk": 7, "fields": {"category": 4, "name": "Pintura Acr├¡lica Mate M18", "slug": "pintura-acrilica-mate-m18", "description": "", "base_price": "2360.00", "unit": "Litro", "main_image": "products/images/Captura_de_pantalla_2026-04-01_202911.png", "technical_sheet": "products/docs/2718_es_FT._M18.pdf", "is_active": true, "featured": false, "created_at": "2026-04-02T00:29:33.816Z", "updated_at": "2026-04-02T00:29:33.816Z", "suppliers": [3], "brands": [2]}}, {"model": "home.product", "pk": 8, "fields": {"category": 4, "name": "Pintura Para Interior Capasilan", "slug": "pintura-para-interior-capasilan", "description": "", "base_price": "3536.00", "unit": "Litro", "main_image": "products/images/Captura_de_pantalla_2026-04-01_203422.png", "technical_sheet": "", "is_active": true, "featured": false, "created_at": "2026-04-02T00:35:24.598Z", "updated_at": "2026-04-02T00:35:24.598Z", "suppliers": [3], "brands": [4]}}, {"model": "home.product", "pk": 9, "fields": {"category": 4, "name": "Pintura Vin├¡lica Mate CapaColor", "slug": "pintura-vinilica-mate-capacolor", "description": "", "base_price": "2606.00", "unit": "Litro", "main_image": "products/images/Captura_de_pantalla_2026-04-01_203959.png", "technical_sheet": "", "is_active": true, "featured": false, "created_at": "2026-04-02T00:40:52.741Z", "updated_at": "2026-04-02T00:40:52.741Z", "suppliers": [3], "brands": [4]}}, {"model": "home.product", "pk": 10, "fields": {"category": 4, "name": "Pintura Para Fachadas Muresko", "slug": "pintura-para-fachadas-muresko", "description": "", "base_price": "3221.00", "unit": "Litro", "main_image": "products/images/Captura_de_pantalla_2026-04-01_204320.png", "technical_sheet": "", "is_active": true, "featured": false, "created_at": "2026-04-02T00:44:15.794Z", "updated_at": "2026-04-02T00:44:15.794Z", "suppliers": [3], "brands": [4]}}, {"model": "home.product", "pk": 11, "fields": {"category": 10, "name": "Esmalte Aspecto Cer├ímico", "slug": "esmalte-aspecto-ceramico", "description": "", "base_price": "1195.00", "unit": "ml", "main_image": "products/images/Captura_de_pantalla_2026-04-01_205025.png", "technical_sheet": "products/docs/00C-4290_Esmalte-aspecto-ceramico_Poliol-Acrilico-e-Isocianato-Alifatico_F_VAWt6FV.pdf", "is_active": true, "featured": false, "created_at": "2026-04-02T00:50:44.263Z", "updated_at": "2026-04-02T00:50:44.263Z", "suppliers": [3], "brands": [1]}}, {"model": "home.product", "pk": 12, "fields": {"category": 10, "name": "Esmalte DTM Anticorrosivo EX-410", "slug": "esmalte-dtm-anticorrosivo-ex-410", "description": "", "base_price": "9231.00", "unit": "Litro", "main_image": "products/images/Captura_de_pantalla_2026-04-01_205206.png", "technical_sheet": "products/docs/Esmalte-sintetico-anticorrosivo-DTM-ex-410-_Ficha-tecnica.pdf", "is_active": true, "featured": false, "created_at": "2026-04-02T00:52:22.504Z", "updated_at": "2026-04-02T00:52:22.504Z", "suppliers": [3], "brands": [1]}}, {"model": "home.product", "pk": 13, "fields": {"category": 10, "name": "Esmalte Sint├®tico Secado R├ípido EX-300", "slug": "esmalte-sintetico-secado-rapido-ex-300", "description": "", "base_price": "5822.00", "unit": "Litro", "main_image": "products/images/Captura_de_pantalla_2026-04-01_205312.png", "technical_sheet": "products/docs/TitanTECH_Esmalte-sintetico-SR_EX-300_Ficha-tecnica.pdf", "is_active": true, "featured": false, "created_at": "2026-04-02T00:53:29.003Z", "updated_at": "2026-04-02T00:53:29.003Z", "suppliers": [3], "brands": [1]}}, {"model": "home.product", "pk": 14, "fields": {"category": 10, "name": "Poliuretano Suelos PXB-730", "slug": "poliuretano-suelos-pxb-730", "description": "", "base_price": "3558.00", "unit": "Litro", "main_image": "products/images/Captura_de_pantalla_2026-04-01_205452.png", "technical_sheet": "products/docs/TitanTECH_Poliuretano-Suelos_PXB-730_Ficha-tecnica.pdf", "is_active": true, "featured": false, "created_at": "2026-04-02T00:55:06.382Z", "updated_at": "2026-04-02T00:55:06.382Z", "suppliers": [3], "brands": [1]}}, {"model": "home.product", "pk": 15, "fields": {"category": 11, "name": "Primer Jotamastic 85", "slug": "primer-jotamastic-85", "description": "", "base_price": "1606.00", "unit": "Litro", "main_image": "products/images/Captura_de_pantalla_2026-04-01_205932.png", "technical_sheet": "products/docs/TDS-_Jotamastic_85.pdf", "is_active": true, "featured": false, "created_at": "2026-04-02T00:59:53.401Z", "updated_at": "2026-04-02T00:59:53.401Z", "suppliers": [3], "brands": [3]}}, {"model": "home.product", "pk": 16, "fields": {"category": 11, "name": "Jotamastic 90", "slug": "jotamastic-90", "description": "", "base_price": "6504.00", "unit": "Litro", "main_image": "products/images/Captura_de_pantalla_2026-04-01_210039.png", "technical_sheet": "products/docs/TDS-_Jotamastic_90.pdf", "is_active": true, "featured": false, "created_at": "2026-04-02T01:01:01.585Z", "updated_at": "2026-04-02T01:01:01.585Z", "suppliers": [3], "brands": [3]}}, {"model": "home.product", "pk": 17, "fields": {"category": 11, "name": "Jotamastic Smartpack HB", "slug": "jotamastic-smartpack-hb", "description": "", "base_price": "4309.00", "unit": "Litro", "main_image": "products/images/Captura_de_pantalla_2026-04-01_210506.png", "technical_sheet": "products/docs/JOTAMASTIC_SMARTPACK.pdf", "is_active": true, "featured": false, "created_at": "2026-04-02T01:05:24.233Z", "updated_at": "2026-04-02T01:05:24.233Z", "suppliers": [3], "brands": [3]}}, {"model": "home.product", "pk": 18, "fields": {"category": 11, "name": "Hardtop XP II", "slug": "hardtop-xp-ii", "description": "", "base_price": "2852.00", "unit": "Litro", "main_image": "products/images/Captura_de_pantalla_2026-04-01_210632.png", "technical_sheet": "products/docs/HARDTOP_XP_II.pdf", "is_active": true, "featured": false, "created_at": "2026-04-02T01:06:53.497Z", "updated_at": "2026-04-02T01:06:53.497Z", "suppliers": [3], "brands": []}}, {"model": "home.product", "pk": 19, "fields": {"category": 11, "name": "Hardtop Smart Pack II", "slug": "hardtop-smart-pack-ii", "description": "", "base_price": "6127.00", "unit": "Litro", "main_image": "products/images/Captura_de_pantalla_2026-04-01_210751.png", "technical_sheet": "products/docs/HARDTOP_XP_SMART_PACK.pdf", "is_active": true, "featured": false, "created_at": "2026-04-02T01:08:14.874Z", "updated_at": "2026-04-02T01:08:14.874Z", "suppliers": [3], "brands": [3]}}, {"model": "home.product", "pk": 20, "fields": {"category": 11, "name": "Tankguard Storage", "slug": "tankguard-storage", "description": "", "base_price": "7458.00", "unit": "Lshsg", "main_image": "products/images/Captura_de_pantalla_2026-04-01_210902.png", "technical_sheet": "products/docs/TANKGUARD_STORAGE.pdf", "is_active": true, "featured": false, "created_at": "2026-04-02T01:09:22.003Z", "updated_at": "2026-04-02T01:09:22.003Z", "suppliers": [3], "brands": [3]}}, {"model": "home.product", "pk": 21, "fields": {"category": 11, "name": "Solvalitt", "slug": "solvalitt", "description": "", "base_price": "2345.00", "unit": "Litro", "main_image": "products/images/Captura_de_pantalla_2026-04-01_211014.png", "technical_sheet": "products/docs/SOLVALITT.pdf", "is_active": true, "featured": false, "created_at": "2026-04-02T01:10:34.112Z", "updated_at": "2026-04-02T01:10:34.112Z", "suppliers": [3], "brands": [3]}}, {"model": "home.product", "pk": 22, "fields": {"category": 11, "name": "Jotatemp 250", "slug": "jotatemp-250", "description": "", "base_price": "9444.00", "unit": "Litro", "main_image": "products/images/Captura_de_pantalla_2026-04-01_211120.png", "technical_sheet": "products/docs/JOTATEMP_250.pdf", "is_active": true, "featured": false, "created_at": "2026-04-02T01:11:42.761Z", "updated_at": "2026-04-02T01:11:42.761Z", "suppliers": [3], "brands": [3]}}, {"model": "home.product", "pk": 23, "fields": {"category": 11, "name": "Se├▒alizaci├│n Vial Aqua", "slug": "senalizacion-vial-aqua", "description": "", "base_price": "7018.00", "unit": "Litro", "main_image": "products/images/Captura_de_pantalla_2026-04-01_211232.png", "technical_sheet": "products/docs/1078_es_FT._VIAL_ACQUA.pdf", "is_active": true, "featured": false, "created_at": "2026-04-02T01:12:57.788Z", "updated_at": "2026-04-02T01:12:57.788Z", "suppliers": [3], "brands": [2]}}, {"model": "home.product", "pk": 24, "fields": {"category": 6, "name": "Impermeabilizante Antigoteras I-5", "slug": "impermeabilizante-antigoteras-i-5", "description": "", "base_price": "3454.00", "unit": "Liteoa", "main_image": "products/images/Captura_de_pantalla_2026-04-01_211455.png", "technical_sheet": "products/docs/L05_Titanpro_Imperpeabilizante-revestimiento-antigoteras_Acrilica-modifica_UUvm2fe.pdf", "is_active": true, "featured": false, "created_at": "2026-04-02T01:15:15.202Z", "updated_at": "2026-04-02T01:15:15.202Z", "suppliers": [3], "brands": [1]}}, {"model": "home.productspecification", "pk": 9, "fields": {"product": 8, "field": 5, "value": ":  Es una pintura para interiores de alta calidad. Su absoluta ausencia de olor y COV permite proteger interiores sin necesidad de ventilar. Permite retoques sin notarse, de aplicaci├│n directo sobre yeso o tabalroca y diluci├│n hasta del 40%. Poder cubriente inigualable. Gran lavabilidad. Transpirable."}}, {"model": "home.productspecification", "pk": 10, "fields": {"product": 8, "field": 2, "value": "7-10 m2/l"}}, {"model": "home.productspecification", "pk": 11, "fields": {"product": 8, "field": 6, "value": "ELF, ignifugo, lavabilidad clase 1, DIN en 13300 y permeabilidad al vapor de agua."}}, {"model": "home.productspecification", "pk": 12, "fields": {"product": 9, "field": 5, "value": ": Es una pintura para interiores de alta calidad. Su absoluta ausencia de olor y COV permite proteger interiores sin necesidad de ventilar. Permite retoques sin notarse y diluci├│n hasta del 40%. Poder cubriente inigualable. Gran lavabilidad. Transpirable."}}, {"model": "home.productspecification", "pk": 13, "fields": {"product": 9, "field": 2, "value": "7-10 m2/l."}}, {"model": "home.productspecification", "pk": 14, "fields": {"product": 9, "field": 6, "value": "ELF, A+, ignifugo, lavabilidad clase 1, DIN en 13300, anti moho y permeabilidad al vapor de agua."}}, {"model": "home.productspecification", "pk": 15, "fields": {"product": 10, "field": 5, "value": ":  Para acabado de calidad en fachadas; La tecnologia SilaCryl permite una permeabilidad excelente al vapor de agua, elevada hidrorepelencia y permeabilidad suficiente al Co2. Proporciona optima resistencia a la intemper├¡e, resistencia al color y desintegraci├│n. Adecuado para sistemas de ailamiento t├®rmico."}}, {"model": "home.productspecification", "pk": 16, "fields": {"product": 10, "field": 2, "value": "7-9 m2/l."}}, {"model": "home.productspecification", "pk": 17, "fields": {"product": 10, "field": 6, "value": "M├íxima impermeabilidad W3 y Permeabilidad al vapor de agua clase 1."}}, {"model": "home.quoterequest", "pk": 1, "fields": {"client": ["santi"], "supplier": ["quality_colors"], "conversation": null, "product_name": "", "product_details": {}, "client_notes": "", "quoted_price": null, "supplier_notes": "", "valid_until": null, "status": "pending", "created_at": "2026-03-26T01:24:02.261Z", "updated_at": "2026-03-26T01:24:02.261Z"}}, {"model": "home.quoterequest", "pk": 2, "fields": {"client": ["santi"], "supplier": ["recal"], "conversation": null, "product_name": "", "product_details": {}, "client_notes": "", "quoted_price": null, "supplier_notes": "", "valid_until": null, "status": "pending", "created_at": "2026-03-26T01:26:27.289Z", "updated_at": "2026-03-26T01:26:27.289Z"}}, {"model": "admin.logentry", "pk": 1, "fields": {"action_time": "2026-03-21T00:34:46.334Z", "user": ["santi"], "content_type": ["home", "category"], "object_id": "1", "object_repr": "Sistemas Arquitect├│nicos en Vidrio y Aluminio", "action_flag": 1, "change_message": "[{\"added\": {}}]"}}, {"model": "admin.logentry", "pk": 2, "fields": {"action_time": "2026-03-21T00:40:29.906Z", "user": ["santi"], "content_type": ["home", "category"], "object_id": "2", "object_repr": "Pinturas, Recubrimientos y Herramientas Profesionales", "action_flag": 1, "change_message": "[{\"added\": {}}]"}}, {"model": "admin.logentry", "pk": 3, "fields": {"action_time": "2026-03-21T00:54:14.220Z", "user": ["santi"], "content_type": ["home", "category"], "object_id": "3", "object_repr": "Productos de Acero y Perfiles Estructurales", "action_flag": 1, "change_message": "[{\"added\": {}}]"}}, {"model": "admin.logentry", "pk": 4, "fields": {"action_time": "2026-03-21T00:55:56.296Z", "user": ["santi"], "content_type": ["home", "category"], "object_id": "2", "object_repr": "Pinturas, Recubrimientos y Herramientas Profesionales", "action_flag": 2, "change_message": "[{\"changed\": {\"fields\": [\"Description\"]}}]"}}, {"model": "admin.logentry", "pk": 5, "fields": {"action_time": "2026-03-21T00:58:00.998Z", "user": ["santi"], "content_type": ["home", "category"], "object_id": "1", "object_repr": "Sistemas Arquitect├│nicos en Vidrio y Aluminio", "action_flag": 2, "change_message": "[{\"changed\": {\"fields\": [\"Description\"]}}]"}}, {"model": "admin.logentry", "pk": 6, "fields": {"action_time": "2026-03-21T00:58:14.843Z", "user": ["santi"], "content_type": ["home", "category"], "object_id": "3", "object_repr": "Productos de Acero y Perfiles Estructurales", "action_flag": 2, "change_message": "[{\"changed\": {\"fields\": [\"Description\"]}}]"}}, {"model": "admin.logentry", "pk": 7, "fields": {"action_time": "2026-03-21T00:58:47.523Z", "user": ["santi"], "content_type": ["home", "category"], "object_id": "2", "object_repr": "Pinturas, Recubrimientos y Herramientas Profesionales", "action_flag": 2, "change_message": "[{\"changed\": {\"fields\": [\"Description\"]}}]"}}, {"model": "admin.logentry", "pk": 8, "fields": {"action_time": "2026-03-22T21:42:33.366Z", "user": ["santi"], "content_type": ["auth", "user"], "object_id": "3", "object_repr": "fenster", "action_flag": 1, "change_message": "[{\"added\": {}}]"}}, {"model": "admin.logentry", "pk": 9, "fields": {"action_time": "2026-03-22T21:44:56.844Z", "user": ["santi"], "content_type": ["auth", "user"], "object_id": "3", "object_repr": "fenster", "action_flag": 2, "change_message": "[{\"changed\": {\"fields\": [\"First name\"]}}, {\"changed\": {\"name\": \"user profile\", \"object\": \"fenster (Proveedor)\", \"fields\": [\"Role\", \"Company\", \"Catalog pdf\"]}}]"}}, {"model": "admin.logentry", "pk": 10, "fields": {"action_time": "2026-03-22T21:48:06.460Z", "user": ["santi"], "content_type": ["auth", "user"], "object_id": "3", "object_repr": "fenster", "action_flag": 2, "change_message": "[{\"changed\": {\"fields\": [\"First name\"]}}]"}}, {"model": "admin.logentry", "pk": 11, "fields": {"action_time": "2026-03-22T21:52:35.467Z", "user": ["santi"], "content_type": ["auth", "user"], "object_id": "3", "object_repr": "fenster", "action_flag": 2, "change_message": "[]"}}, {"model": "admin.logentry", "pk": 12, "fields": {"action_time": "2026-03-22T21:52:58.516Z", "user": ["santi"], "content_type": ["auth", "user"], "object_id": "4", "object_repr": "recal", "action_flag": 1, "change_message": "[{\"added\": {}}]"}}, {"model": "admin.logentry", "pk": 13, "fields": {"action_time": "2026-03-22T21:54:05.429Z", "user": ["santi"], "content_type": ["auth", "user"], "object_id": "4", "object_repr": "recal", "action_flag": 2, "change_message": "[{\"changed\": {\"fields\": [\"First name\"]}}, {\"changed\": {\"name\": \"user profile\", \"object\": \"recal (Proveedor)\", \"fields\": [\"Role\", \"Company\", \"Catalog pdf\"]}}]"}}, {"model": "admin.logentry", "pk": 14, "fields": {"action_time": "2026-03-22T21:54:34.902Z", "user": ["santi"], "content_type": ["auth", "user"], "object_id": "5", "object_repr": "quality_colors", "action_flag": 1, "change_message": "[{\"added\": {}}]"}}, {"model": "admin.logentry", "pk": 15, "fields": {"action_time": "2026-03-22T21:58:15.618Z", "user": ["santi"], "content_type": ["auth", "user"], "object_id": "5", "object_repr": "quality_colors", "action_flag": 2, "change_message": "[{\"changed\": {\"name\": \"user profile\", \"object\": \"quality_colors (Proveedor)\", \"fields\": [\"Role\", \"Company\", \"Catalog pdf\"]}}]"}}, {"model": "admin.logentry", "pk": 16, "fields": {"action_time": "2026-03-22T22:06:47.826Z", "user": ["santi"], "content_type": ["home", "supplier"], "object_id": "1", "object_repr": "Fenster", "action_flag": 1, "change_message": "[{\"added\": {}}]"}}, {"model": "admin.logentry", "pk": 17, "fields": {"action_time": "2026-03-22T22:07:14.649Z", "user": ["santi"], "content_type": ["home", "supplier"], "object_id": "1", "object_repr": "Fenster", "action_flag": 2, "change_message": "[]"}}, {"model": "admin.logentry", "pk": 18, "fields": {"action_time": "2026-03-22T22:12:05.900Z", "user": ["santi"], "content_type": ["home", "supplier"], "object_id": "2", "object_repr": "Recal", "action_flag": 1, "change_message": "[{\"added\": {}}]"}}, {"model": "admin.logentry", "pk": 19, "fields": {"action_time": "2026-03-22T22:13:29.089Z", "user": ["santi"], "content_type": ["home", "supplier"], "object_id": "3", "object_repr": "Quality Colors", "action_flag": 1, "change_message": "[{\"added\": {}}]"}}, {"model": "admin.logentry", "pk": 20, "fields": {"action_time": "2026-03-22T22:26:08.518Z", "user": ["santi"], "content_type": ["home", "category"], "object_id": "4", "object_repr": "Pinturas, Recubrimientos y Herramientas Profesionales ÔåÆ Pinturas Arquitect├│nicas", "action_flag": 1, "change_message": "[{\"added\": {}}]"}}, {"model": "admin.logentry", "pk": 21, "fields": {"action_time": "2026-03-25T22:21:59.590Z", "user": ["santi"], "content_type": ["home", "category"], "object_id": "4", "object_repr": "Pinturas, Recubrimientos y Herramientas Profesionales ÔåÆ Pinturas Arquitect├│nicas", "action_flag": 2, "change_message": "[{\"changed\": {\"fields\": [\"Description\"]}}]"}}, {"model": "admin.logentry", "pk": 22, "fields": {"action_time": "2026-03-25T22:22:20.974Z", "user": ["santi"], "content_type": ["home", "category"], "object_id": "5", "object_repr": "Pinturas, Recubrimientos y Herramientas Profesionales ÔåÆ Recubrimientos Especializados e Industriales", "action_flag": 1, "change_message": "[{\"added\": {}}]"}}, {"model": "admin.logentry", "pk": 23, "fields": {"action_time": "2026-03-25T22:22:41.039Z", "user": ["santi"], "content_type": ["home", "category"], "object_id": "6", "object_repr": "Pinturas, Recubrimientos y Herramientas Profesionales ÔåÆ Impermeabilizaci├│n y Protecci├│n", "action_flag": 1, "change_message": "[{\"added\": {}}]"}}, {"model": "admin.logentry", "pk": 24, "fields": {"action_time": "2026-03-25T22:23:00.235Z", "user": ["santi"], "content_type": ["home", "category"], "object_id": "7", "object_repr": "Pinturas, Recubrimientos y Herramientas Profesionales ÔåÆ Tratamiento y Protecci├│n de Superficies", "action_flag": 1, "change_message": "[{\"added\": {}}]"}}, {"model": "admin.logentry", "pk": 25, "fields": {"action_time": "2026-03-25T22:23:15.505Z", "user": ["santi"], "content_type": ["home", "category"], "object_id": "8", "object_repr": "Pinturas, Recubrimientos y Herramientas Profesionales ÔåÆ Herramientas y Accesorios de Aplicaci├│n", "action_flag": 1, "change_message": "[{\"added\": {}}]"}}, {"model": "admin.logentry", "pk": 26, "fields": {"action_time": "2026-03-25T22:33:33.025Z", "user": ["santi"], "content_type": ["home", "brand"], "object_id": "1", "object_repr": "Titanlux", "action_flag": 1, "change_message": "[{\"added\": {}}]"}}, {"model": "admin.logentry", "pk": 27, "fields": {"action_time": "2026-03-25T22:34:29.898Z", "user": ["santi"], "content_type": ["home", "brand"], "object_id": "2", "object_repr": "Isaval", "action_flag": 1, "change_message": "[{\"added\": {}}]"}}, {"model": "admin.logentry", "pk": 28, "fields": {"action_time": "2026-03-25T22:35:28.760Z", "user": ["santi"], "content_type": ["home", "brand"], "object_id": "3", "object_repr": "Jotun", "action_flag": 1, "change_message": "[{\"added\": {}}]"}}, {"model": "admin.logentry", "pk": 29, "fields": {"action_time": "2026-03-25T22:47:38.823Z", "user": ["santi"], "content_type": ["home", "brand"], "object_id": "4", "object_repr": "Caparol", "action_flag": 1, "change_message": "[{\"added\": {}}]"}}, {"model": "admin.logentry", "pk": 30, "fields": {"action_time": "2026-03-25T22:48:24.997Z", "user": ["santi"], "content_type": ["home", "brand"], "object_id": "5", "object_repr": "Pentrilo", "action_flag": 1, "change_message": "[{\"added\": {}}]"}}, {"model": "admin.logentry", "pk": 31, "fields": {"action_time": "2026-03-25T22:48:49.289Z", "user": ["santi"], "content_type": ["home", "brand"], "object_id": "4", "object_repr": "Caparol", "action_flag": 2, "change_message": "[{\"changed\": {\"fields\": [\"Logo\"]}}]"}}, {"model": "admin.logentry", "pk": 32, "fields": {"action_time": "2026-03-25T23:03:43.897Z", "user": ["santi"], "content_type": ["home", "specificationtemplate"], "object_id": "1", "object_repr": "Plantilla: Pinturas Arquitect├│nicas", "action_flag": 1, "change_message": "[{\"added\": {}}, {\"added\": {\"name\": \"specification field\", \"object\": \"Pinturas Arquitect\\u00f3nicas \\u2192 Cantidad (number)\"}}, {\"added\": {\"name\": \"specification field\", \"object\": \"Pinturas Arquitect\\u00f3nicas \\u2192 Rendimiento (number)\"}}, {\"added\": {\"name\": \"specification field\", \"object\": \"Pinturas Arquitect\\u00f3nicas \\u2192 Acabado (text)\"}}, {\"added\": {\"name\": \"specification field\", \"object\": \"Pinturas Arquitect\\u00f3nicas \\u2192 Color (text)\"}}]"}}, {"model": "admin.logentry", "pk": 33, "fields": {"action_time": "2026-03-25T23:09:38.633Z", "user": ["santi"], "content_type": ["home", "product"], "object_id": "1", "object_repr": "Pintura Acr├¡lica Premium P-40", "action_flag": 1, "change_message": "[{\"added\": {}}, {\"added\": {\"name\": \"product specification\", \"object\": \"Pintura Acr\\u00edlica Premium P-40 | Acabado: texto, prueba\"}}, {\"added\": {\"name\": \"product specification\", \"object\": \"Pintura Acr\\u00edlica Premium P-40 | Cantidad: 78, 09. 97\"}}, {\"added\": {\"name\": \"product specification\", \"object\": \"Pintura Acr\\u00edlica Premium P-40 | Color: Prueba\"}}, {\"added\": {\"name\": \"product specification\", \"object\": \"Pintura Acr\\u00edlica Premium P-40 | Rendimiento: Prueba, Prueba, 20\"}}]"}}, {"model": "admin.logentry", "pk": 34, "fields": {"action_time": "2026-03-25T23:11:49.342Z", "user": ["santi"], "content_type": ["home", "supplier"], "object_id": "3", "object_repr": "Quality Colors", "action_flag": 2, "change_message": "[{\"changed\": {\"fields\": [\"Brands\"]}}]"}}, {"model": "admin.logentry", "pk": 35, "fields": {"action_time": "2026-03-25T23:15:56.183Z", "user": ["santi"], "content_type": ["home", "specificationtemplate"], "object_id": "1", "object_repr": "Plantilla: Pinturas, Recubrimientos y Herramientas Profesionales", "action_flag": 2, "change_message": "[{\"changed\": {\"fields\": [\"Category\"]}}, {\"added\": {\"name\": \"specification field\", \"object\": \"Pinturas, Recubrimientos y Herramientas Profesionales \\u2192 Caracter\\u00edsticas (text)\"}}, {\"added\": {\"name\": \"specification field\", \"object\": \"Pinturas, Recubrimientos y Herramientas Profesionales \\u2192 Certificados (text)\"}}, {\"changed\": {\"name\": \"specification field\", \"object\": \"Pinturas, Recubrimientos y Herramientas Profesionales \\u2192 Rendimiento (text)\", \"fields\": [\"Field type\", \"Unit\"]}}]"}}, {"model": "admin.logentry", "pk": 36, "fields": {"action_time": "2026-03-25T23:18:20.826Z", "user": ["santi"], "content_type": ["home", "product"], "object_id": "1", "object_repr": "Pintura Acr├¡lica Premium P-40", "action_flag": 2, "change_message": "[{\"changed\": {\"fields\": [\"Description\"]}}, {\"changed\": {\"name\": \"product specification\", \"object\": \"Pintura Acr\\u00edlica Premium P-40 | Caracter\\u00edsticas: Transpirable, impermeable, antimoho, blancura inalterable, bajo olor, anti-goteo,\\r\\nanti-baba de caracol y lagrimeo.\", \"fields\": [\"Field\", \"Value\"]}}, {\"changed\": {\"name\": \"product specification\", \"object\": \"Pintura Acr\\u00edlica Premium P-40 | Certificados: Ignifugo, m\\u00e1xima impermeabilidad\\r\\nW3, cubrici\\u00f3n certificada al 98%, resistencia al\\r\\nfrote h\\u00famedo y calidad del aire A+.\", \"fields\": [\"Field\", \"Value\"]}}, {\"changed\": {\"name\": \"product specification\", \"object\": \"Pintura Acr\\u00edlica Premium P-40 | Color: Color 1, Color 2, Color 3\", \"fields\": [\"Value\"]}}, {\"changed\": {\"name\": \"product specification\", \"object\": \"Pintura Acr\\u00edlica Premium P-40 | Rendimiento: 6-9 m2/l.\", \"fields\": [\"Value\"]}}]"}}, {"model": "admin.logentry", "pk": 37, "fields": {"action_time": "2026-03-25T23:18:53.519Z", "user": ["santi"], "content_type": ["home", "product"], "object_id": "1", "object_repr": "Pintura Acr├¡lica Premium P-40", "action_flag": 2, "change_message": "[]"}}, {"model": "admin.logentry", "pk": 38, "fields": {"action_time": "2026-03-25T23:20:28.729Z", "user": ["santi"], "content_type": ["home", "product"], "object_id": "1", "object_repr": "Pintura Acr├¡lica Premium P-40", "action_flag": 2, "change_message": "[]"}}, {"model": "admin.logentry", "pk": 39, "fields": {"action_time": "2026-03-25T23:23:03.345Z", "user": ["santi"], "content_type": ["home", "product"], "object_id": "1", "object_repr": "Pintura Acr├¡lica Premium P-40", "action_flag": 2, "change_message": "[]"}}, {"model": "admin.logentry", "pk": 40, "fields": {"action_time": "2026-03-25T23:23:33.360Z", "user": ["santi"], "content_type": ["home", "product"], "object_id": "1", "object_repr": "Pintura Acr├¡lica Premium P-40", "action_flag": 2, "change_message": "[{\"changed\": {\"name\": \"product specification\", \"object\": \"Pintura Acr\\u00edlica Premium P-40 | Caracter\\u00edsticas: :  Transpirable, impermeable, antimoho, blancura inalterable, bajo olor, anti-goteo,\\r\\nanti-baba de caracol y lagrimeo.\", \"fields\": [\"Value\"]}}, {\"changed\": {\"name\": \"product specification\", \"object\": \"Pintura Acr\\u00edlica Premium P-40 | Certificados: :  Ignifugo, m\\u00e1xima impermeabilidad\\r\\nW3, cubrici\\u00f3n certificada al 98%, resistencia al\\r\\nfrote h\\u00famedo y calidad del aire A+.\", \"fields\": [\"Value\"]}}, {\"changed\": {\"name\": \"product specification\", \"object\": \"Pintura Acr\\u00edlica Premium P-40 | Color: :  Color 1, Color 2, Color 3\", \"fields\": [\"Value\"]}}, {\"changed\": {\"name\": \"product specification\", \"object\": \"Pintura Acr\\u00edlica Premium P-40 | Rendimiento: :  6-9 m2/l.\", \"fields\": [\"Value\"]}}]"}}, {"model": "admin.logentry", "pk": 41, "fields": {"action_time": "2026-03-25T23:24:03.627Z", "user": ["santi"], "content_type": ["home", "product"], "object_id": "1", "object_repr": "Pintura Acr├¡lica Premium P-40", "action_flag": 2, "change_message": "[{\"changed\": {\"name\": \"product specification\", \"object\": \"Pintura Acr\\u00edlica Premium P-40 | Color: Color 1, Color 2, Color 3\", \"fields\": [\"Value\"]}}, {\"changed\": {\"name\": \"product specification\", \"object\": \"Pintura Acr\\u00edlica Premium P-40 | Rendimiento: 6-9 m2/l.\", \"fields\": [\"Value\"]}}]"}}, {"model": "admin.logentry", "pk": 42, "fields": {"action_time": "2026-03-26T00:25:37.245Z", "user": ["santi"], "content_type": ["home", "category"], "object_id": "9", "object_repr": "Productos de Acero y Perfiles Estructurales ÔåÆ Aceros", "action_flag": 1, "change_message": "[{\"added\": {}}]"}}, {"model": "admin.logentry", "pk": 43, "fields": {"action_time": "2026-03-26T00:50:56.950Z", "user": ["santi"], "content_type": ["home", "product"], "object_id": "2", "object_repr": "Varilla corrugada", "action_flag": 1, "change_message": "[{\"added\": {}}]"}}, {"model": "admin.logentry", "pk": 44, "fields": {"action_time": "2026-03-26T01:04:35.170Z", "user": ["santi"], "content_type": ["home", "product"], "object_id": "3", "object_repr": "Viga IPS", "action_flag": 1, "change_message": "[{\"added\": {}}]"}}, {"model": "admin.logentry", "pk": 45, "fields": {"action_time": "2026-03-26T01:11:22.280Z", "user": ["santi"], "content_type": ["home", "category"], "object_id": "9", "object_repr": "Productos de Acero y Perfiles Estructurales ÔåÆ Aceros", "action_flag": 2, "change_message": "[{\"changed\": {\"fields\": [\"Image\"]}}]"}}, {"model": "admin.logentry", "pk": 46, "fields": {"action_time": "2026-04-01T20:13:53.644Z", "user": ["santi"], "content_type": ["home", "product"], "object_id": "1", "object_repr": "Pintura Acr├¡lica Premium P-40", "action_flag": 2, "change_message": "[{\"changed\": {\"fields\": [\"Unit\", \"Main image\", \"Technical sheet\"]}}]"}}, {"model": "admin.logentry", "pk": 47, "fields": {"action_time": "2026-04-01T20:14:27.226Z", "user": ["santi"], "content_type": ["home", "product"], "object_id": "1", "object_repr": "Pintura Acr├¡lica Premium P-40", "action_flag": 2, "change_message": "[{\"changed\": {\"fields\": [\"Base price\"]}}]"}}, {"model": "admin.logentry", "pk": 48, "fields": {"action_time": "2026-04-01T20:27:22.374Z", "user": ["santi"], "content_type": ["home", "product"], "object_id": "1", "object_repr": "Pintura Acr├¡lica Premium P-40", "action_flag": 2, "change_message": "[{\"changed\": {\"fields\": [\"Description\"]}}]"}}, {"model": "admin.logentry", "pk": 49, "fields": {"action_time": "2026-04-01T23:56:31.298Z", "user": ["santi"], "content_type": ["home", "product"], "object_id": "1", "object_repr": "Pintura Acr├¡lica Premium P-40", "action_flag": 2, "change_message": "[{\"changed\": {\"name\": \"product specification\", \"object\": \"Pintura Acr\\u00edlica Premium P-40 | Color: Blanco y colores bajo pedido\", \"fields\": [\"Value\"]}}]"}}, {"model": "admin.logentry", "pk": 50, "fields": {"action_time": "2026-04-02T00:00:23.984Z", "user": ["santi"], "content_type": ["home", "product"], "object_id": "1", "object_repr": "Pintura Acr├¡lica Premium P-40", "action_flag": 2, "change_message": "[{\"changed\": {\"fields\": [\"Main image\", \"Technical sheet\"]}}]"}}, {"model": "admin.logentry", "pk": 51, "fields": {"action_time": "2026-04-02T00:02:05.350Z", "user": ["santi"], "content_type": ["home", "product"], "object_id": "1", "object_repr": "Pintura Acr├¡lica Premium P-40", "action_flag": 2, "change_message": "[{\"changed\": {\"fields\": [\"Main image\", \"Technical sheet\"]}}]"}}, {"model": "admin.logentry", "pk": 52, "fields": {"action_time": "2026-04-02T00:03:07.465Z", "user": ["santi"], "content_type": ["home", "product"], "object_id": "1", "object_repr": "Pintura Acr├¡lica Premium P-40", "action_flag": 2, "change_message": "[{\"changed\": {\"fields\": [\"Main image\"]}}]"}}, {"model": "admin.logentry", "pk": 53, "fields": {"action_time": "2026-04-02T00:10:14.704Z", "user": ["santi"], "content_type": ["home", "product"], "object_id": "4", "object_repr": "Pintura Acr├¡lica Interior P-10", "action_flag": 1, "change_message": "[{\"added\": {}}, {\"added\": {\"name\": \"product specification\", \"object\": \"Pintura Acr\\u00edlica Interior P-10 | Caracter\\u00edsticas: :  Pintura al agua de olor suave y gran blancura para pintado de paredes y techos en interiores de viviendas,\\r\\nnaves etc. Buen poder cubriente y f\\u00e1cil de aplicaci\\u00f3n. No altera la permeabilidad del sustrato permitiendo el libre paso del vapor de agua. No gotea\"}}, {\"added\": {\"name\": \"product specification\", \"object\": \"Pintura Acr\\u00edlica Interior P-10 | Certificados: :   Reacci\\u00f3n al Fuego UNE EN 13501-1: B-s1,d0/sobre sustrato A2-s1,d0\\r\\nEmisi\\u00f3n VOC ISO 16000-6: A+\"}}, {\"added\": {\"name\": \"product specification\", \"object\": \"Pintura Acr\\u00edlica Interior P-10 | Color: Blanco\"}}, {\"added\": {\"name\": \"product specification\", \"object\": \"Pintura Acr\\u00edlica Interior P-10 | Rendimiento: 7 - 9 m\\u00b2/l\"}}]"}}, {"model": "admin.logentry", "pk": 54, "fields": {"action_time": "2026-04-02T00:13:24.839Z", "user": ["santi"], "content_type": ["home", "product"], "object_id": "4", "object_repr": "Pintura Acr├¡lica Interior P-10", "action_flag": 2, "change_message": "[{\"changed\": {\"name\": \"product specification\", \"object\": \"Pintura Acr\\u00edlica Interior P-10 | Caracter\\u00edsticas: Pintura al agua de olor suave y gran blancura para pintado de paredes y techos en interiores de viviendas,\\r\\nnaves etc. Buen poder cubriente y f\\u00e1cil de aplicaci\\u00f3n. No altera la permeabilidad del sustrato permitiendo el libre paso del vapor de agua. No gotea\", \"fields\": [\"Value\"]}}, {\"changed\": {\"name\": \"product specification\", \"object\": \"Pintura Acr\\u00edlica Interior P-10 | Certificados: Reacci\\u00f3n al Fuego UNE EN 13501-1: B-s1,d0/sobre sustrato A2-s1,d0\\r\\nEmisi\\u00f3n VOC ISO 16000-6: A+\", \"fields\": [\"Value\"]}}]"}}, {"model": "admin.logentry", "pk": 55, "fields": {"action_time": "2026-04-02T00:13:57.319Z", "user": ["santi"], "content_type": ["home", "product"], "object_id": "4", "object_repr": "Pintura Acr├¡lica Interior P-10", "action_flag": 2, "change_message": "[{\"changed\": {\"name\": \"product specification\", \"object\": \"Pintura Acr\\u00edlica Interior P-10 | Caracter\\u00edsticas: :   Pintura al agua de olor suave y gran blancura para pintado de paredes y techos en interiores de viviendas,\\r\\nnaves etc. Buen poder cubriente y f\\u00e1cil de aplicaci\\u00f3n. No altera la permeabilidad del sustrato permitiendo el libre paso del vapor de agua. No gotea.\", \"fields\": [\"Value\"]}}]"}}, {"model": "admin.logentry", "pk": 56, "fields": {"action_time": "2026-04-02T00:15:46.802Z", "user": ["santi"], "content_type": ["home", "product"], "object_id": "4", "object_repr": "Pintura Acr├¡lica Interior P-10", "action_flag": 2, "change_message": "[{\"deleted\": {\"name\": \"product specification\", \"object\": \"Pintura Acr\\u00edlica Interior P-10 | Caracter\\u00edsticas: :   Pintura al agua de olor suave y gran blancura para pintado de paredes y techos en interiores de viviendas,\\r\\nnaves etc. Buen poder cubriente y f\\u00e1cil de aplicaci\\u00f3n. No altera la permeabilidad del sustrato permitiendo el libre paso del vapor de agua. No gotea.\"}}, {\"deleted\": {\"name\": \"product specification\", \"object\": \"Pintura Acr\\u00edlica Interior P-10 | Certificados: Reacci\\u00f3n al Fuego UNE EN 13501-1: B-s1,d0/sobre sustrato A2-s1,d0\\r\\nEmisi\\u00f3n VOC ISO 16000-6: A+\"}}, {\"deleted\": {\"name\": \"product specification\", \"object\": \"Pintura Acr\\u00edlica Interior P-10 | Color: Blanco\"}}, {\"deleted\": {\"name\": \"product specification\", \"object\": \"Pintura Acr\\u00edlica Interior P-10 | Rendimiento: 7 - 9 m\\u00b2/l\"}}]"}}, {"model": "admin.logentry", "pk": 57, "fields": {"action_time": "2026-04-02T00:15:52.542Z", "user": ["santi"], "content_type": ["home", "product"], "object_id": "4", "object_repr": "Pintura Acr├¡lica Interior P-10", "action_flag": 2, "change_message": "[]"}}, {"model": "admin.logentry", "pk": 58, "fields": {"action_time": "2026-04-02T00:17:23.484Z", "user": ["santi"], "content_type": ["home", "product"], "object_id": "1", "object_repr": "Pintura Acr├¡lica Premium P-40", "action_flag": 2, "change_message": "[{\"deleted\": {\"name\": \"product specification\", \"object\": \"Pintura Acr\\u00edlica Premium P-40 | Caracter\\u00edsticas: :  Transpirable, impermeable, antimoho, blancura inalterable, bajo olor, anti-goteo,\\r\\nanti-baba de caracol y lagrimeo.\"}}, {\"deleted\": {\"name\": \"product specification\", \"object\": \"Pintura Acr\\u00edlica Premium P-40 | Certificados: :  Ignifugo, m\\u00e1xima impermeabilidad\\r\\nW3, cubrici\\u00f3n certificada al 98%, resistencia al\\r\\nfrote h\\u00famedo y calidad del aire A+.\"}}, {\"deleted\": {\"name\": \"product specification\", \"object\": \"Pintura Acr\\u00edlica Premium P-40 | Color: Blanco y colores bajo pedido\"}}, {\"deleted\": {\"name\": \"product specification\", \"object\": \"Pintura Acr\\u00edlica Premium P-40 | Rendimiento: 6-9 m2/l.\"}}]"}}, {"model": "admin.logentry", "pk": 59, "fields": {"action_time": "2026-04-02T00:25:34.118Z", "user": ["santi"], "content_type": ["home", "product"], "object_id": "5", "object_repr": "Pintura Vin├¡lica Premium P-60 TITANPRO", "action_flag": 1, "change_message": "[{\"added\": {}}]"}}, {"model": "admin.logentry", "pk": 60, "fields": {"action_time": "2026-04-02T00:28:04.830Z", "user": ["santi"], "content_type": ["home", "product"], "object_id": "6", "object_repr": "Pintura Acr├¡lica Superlavable P-75", "action_flag": 1, "change_message": "[{\"added\": {}}]"}}, {"model": "admin.logentry", "pk": 61, "fields": {"action_time": "2026-04-02T00:29:33.825Z", "user": ["santi"], "content_type": ["home", "product"], "object_id": "7", "object_repr": "Pintura Acr├¡lica Mate M18", "action_flag": 1, "change_message": "[{\"added\": {}}]"}}, {"model": "admin.logentry", "pk": 62, "fields": {"action_time": "2026-04-02T00:35:24.610Z", "user": ["santi"], "content_type": ["home", "product"], "object_id": "8", "object_repr": "Pintura Para Interior Capasilan", "action_flag": 1, "change_message": "[{\"added\": {}}, {\"added\": {\"name\": \"product specification\", \"object\": \"Pintura Para Interior Capasilan | Caracter\\u00edsticas: :  Es una pintura para interiores de alta calidad. Su absoluta ausencia de olor y COV permite proteger interiores sin necesidad de ventilar. Permite retoques sin notarse, de aplicaci\\u00f3n directo sobre yeso o tabalroca y diluci\\u00f3n hasta del 40%. Poder cubriente inigualable. Gran lavabilidad. Transpirable.\"}}, {\"added\": {\"name\": \"product specification\", \"object\": \"Pintura Para Interior Capasilan | Rendimiento: 7-10 m2/l\"}}, {\"added\": {\"name\": \"product specification\", \"object\": \"Pintura Para Interior Capasilan | Certificados: ELF, ignifugo, lavabilidad clase 1, DIN en 13300 y permeabilidad al vapor de agua.\"}}]"}}, {"model": "admin.logentry", "pk": 63, "fields": {"action_time": "2026-04-02T00:40:52.770Z", "user": ["santi"], "content_type": ["home", "product"], "object_id": "9", "object_repr": "Pintura Vin├¡lica Mate CapaColor", "action_flag": 1, "change_message": "[{\"added\": {}}, {\"added\": {\"name\": \"product specification\", \"object\": \"Pintura Vin\\u00edlica Mate CapaColor | Caracter\\u00edsticas: : Es una pintura para interiores de alta calidad. Su absoluta ausencia de olor y COV permite proteger interiores sin necesidad de ventilar. Permite retoques sin notarse y diluci\\u00f3n hasta del 40%. Poder cubriente inigualable. Gran lavabilidad. Transpirable.\"}}, {\"added\": {\"name\": \"product specification\", \"object\": \"Pintura Vin\\u00edlica Mate CapaColor | Rendimiento: 7-10 m2/l.\"}}, {\"added\": {\"name\": \"product specification\", \"object\": \"Pintura Vin\\u00edlica Mate CapaColor | Certificados: ELF, A+, ignifugo, lavabilidad clase 1, DIN en 13300, anti moho y permeabilidad al vapor de agua.\"}}]"}}, {"model": "admin.logentry", "pk": 64, "fields": {"action_time": "2026-04-02T00:44:15.807Z", "user": ["santi"], "content_type": ["home", "product"], "object_id": "10", "object_repr": "Pintura Para Fachadas Muresko", "action_flag": 1, "change_message": "[{\"added\": {}}, {\"added\": {\"name\": \"product specification\", \"object\": \"Pintura Para Fachadas Muresko | Caracter\\u00edsticas: :  Para acabado de calidad en fachadas; La tecnologia SilaCryl permite una permeabilidad excelente al vapor de agua, elevada hidrorepelencia y permeabilidad suficiente al Co2. Proporciona optima resistencia a la intemper\\u00ede, resistencia al color y desintegraci\\u00f3n. Adecuado para sistemas de ailamiento t\\u00e9rmico.\"}}, {\"added\": {\"name\": \"product specification\", \"object\": \"Pintura Para Fachadas Muresko | Rendimiento: 7-9 m2/l.\"}}, {\"added\": {\"name\": \"product specification\", \"object\": \"Pintura Para Fachadas Muresko | Certificados: M\\u00e1xima impermeabilidad W3 y Permeabilidad al vapor de agua clase 1.\"}}]"}}, {"model": "admin.logentry", "pk": 65, "fields": {"action_time": "2026-04-02T00:47:55.812Z", "user": ["santi"], "content_type": ["home", "category"], "object_id": "10", "object_repr": "Pinturas, Recubrimientos y Herramientas Profesionales ÔåÆ Recubrimientos Especializados e Industriales ÔåÆ L├¡nea arquitect├│nica", "action_flag": 1, "change_message": "[{\"added\": {}}]"}}, {"model": "admin.logentry", "pk": 66, "fields": {"action_time": "2026-04-02T00:48:17.832Z", "user": ["santi"], "content_type": ["home", "category"], "object_id": "11", "object_repr": "Pinturas, Recubrimientos y Herramientas Profesionales ÔåÆ Recubrimientos Especializados e Industriales ÔåÆ L├¡nea industrial pesada", "action_flag": 1, "change_message": "[{\"added\": {}}]"}}, {"model": "admin.logentry", "pk": 67, "fields": {"action_time": "2026-04-02T00:50:44.274Z", "user": ["santi"], "content_type": ["home", "product"], "object_id": "11", "object_repr": "Esmalte Aspecto Cer├ímico", "action_flag": 1, "change_message": "[{\"added\": {}}]"}}, {"model": "admin.logentry", "pk": 68, "fields": {"action_time": "2026-04-02T00:52:22.515Z", "user": ["santi"], "content_type": ["home", "product"], "object_id": "12", "object_repr": "Esmalte DTM Anticorrosivo EX-410", "action_flag": 1, "change_message": "[{\"added\": {}}]"}}, {"model": "admin.logentry", "pk": 69, "fields": {"action_time": "2026-04-02T00:53:29.008Z", "user": ["santi"], "content_type": ["home", "product"], "object_id": "13", "object_repr": "Esmalte Sint├®tico Secado R├ípido EX-300", "action_flag": 1, "change_message": "[{\"added\": {}}]"}}, {"model": "admin.logentry", "pk": 70, "fields": {"action_time": "2026-04-02T00:55:06.391Z", "user": ["santi"], "content_type": ["home", "product"], "object_id": "14", "object_repr": "Poliuretano Suelos PXB-730", "action_flag": 1, "change_message": "[{\"added\": {}}]"}}, {"model": "admin.logentry", "pk": 71, "fields": {"action_time": "2026-04-02T00:59:53.410Z", "user": ["santi"], "content_type": ["home", "product"], "object_id": "15", "object_repr": "Primer Jotamastic 85", "action_flag": 1, "change_message": "[{\"added\": {}}]"}}, {"model": "admin.logentry", "pk": 72, "fields": {"action_time": "2026-04-02T01:01:01.591Z", "user": ["santi"], "content_type": ["home", "product"], "object_id": "16", "object_repr": "Jotamastic 90", "action_flag": 1, "change_message": "[{\"added\": {}}]"}}, {"model": "admin.logentry", "pk": 73, "fields": {"action_time": "2026-04-02T01:05:24.239Z", "user": ["santi"], "content_type": ["home", "product"], "object_id": "17", "object_repr": "Jotamastic Smartpack HB", "action_flag": 1, "change_message": "[{\"added\": {}}]"}}, {"model": "admin.logentry", "pk": 74, "fields": {"action_time": "2026-04-02T01:06:53.507Z", "user": ["santi"], "content_type": ["home", "product"], "object_id": "18", "object_repr": "Hardtop XP II", "action_flag": 1, "change_message": "[{\"added\": {}}]"}}, {"model": "admin.logentry", "pk": 75, "fields": {"action_time": "2026-04-02T01:08:14.887Z", "user": ["santi"], "content_type": ["home", "product"], "object_id": "19", "object_repr": "Hardtop Smart Pack II", "action_flag": 1, "change_message": "[{\"added\": {}}]"}}, {"model": "admin.logentry", "pk": 76, "fields": {"action_time": "2026-04-02T01:09:22.013Z", "user": ["santi"], "content_type": ["home", "product"], "object_id": "20", "object_repr": "Tankguard Storage", "action_flag": 1, "change_message": "[{\"added\": {}}]"}}, {"model": "admin.logentry", "pk": 77, "fields": {"action_time": "2026-04-02T01:10:34.120Z", "user": ["santi"], "content_type": ["home", "product"], "object_id": "21", "object_repr": "Solvalitt", "action_flag": 1, "change_message": "[{\"added\": {}}]"}}, {"model": "admin.logentry", "pk": 78, "fields": {"action_time": "2026-04-02T01:11:42.771Z", "user": ["santi"], "content_type": ["home", "product"], "object_id": "22", "object_repr": "Jotatemp 250", "action_flag": 1, "change_message": "[{\"added\": {}}]"}}, {"model": "admin.logentry", "pk": 79, "fields": {"action_time": "2026-04-02T01:12:57.798Z", "user": ["santi"], "content_type": ["home", "product"], "object_id": "23", "object_repr": "Se├▒alizaci├│n Vial Aqua", "action_flag": 1, "change_message": "[{\"added\": {}}]"}}, {"model": "admin.logentry", "pk": 80, "fields": {"action_time": "2026-04-02T01:15:15.211Z", "user": ["santi"], "content_type": ["home", "product"], "object_id": "24", "object_repr": "Impermeabilizante Antigoteras I-5", "action_flag": 1, "change_message": "[{\"added\": {}}]"}}, {"model": "admin.logentry", "pk": 81, "fields": {"action_time": "2026-04-02T01:18:59.075Z", "user": ["santi"], "content_type": ["home", "category"], "object_id": "12", "object_repr": "Pinturas, Recubrimientos y Herramientas Profesionales ÔåÆ Tratamiento y Protecci├│n de Superficies ÔåÆ Imprimaciones y fondos", "action_flag": 1, "change_message": "[{\"added\": {}}]"}}, {"model": "admin.logentry", "pk": 82, "fields": {"action_time": "2026-04-02T01:19:23.636Z", "user": ["santi"], "content_type": ["home", "category"], "object_id": "12", "object_repr": "Pinturas, Recubrimientos y Herramientas Profesionales ÔåÆ Tratamiento y Protecci├│n de Superficies ÔåÆ Imprimaciones y fondos", "action_flag": 2, "change_message": "[{\"changed\": {\"fields\": [\"Description\"]}}]"}}, {"model": "admin.logentry", "pk": 83, "fields": {"action_time": "2026-04-02T01:19:53.083Z", "user": ["santi"], "content_type": ["home", "category"], "object_id": "13", "object_repr": "Pinturas, Recubrimientos y Herramientas Profesionales ÔåÆ Tratamiento y Protecci├│n de Superficies ÔåÆ Protecci├│n y acabados especiales", "action_flag": 1, "change_message": "[{\"added\": {}}]"}}]
